{
    "agreeableness": {
        "behavioral": {
            "success_count": 1,
            "fail_count": 0,
            "success_rate": 1.0,
            "avg_state_h": 0.4465229699472528,
            "avg_action_h": 0.3841896515333313,
            "avg_state_var": 0.20616406062207768,
            "avg_action_var": 0.18948991120736985
        },
        "directive": {
            "success_count": 1,
            "fail_count": 0,
            "success_rate": 1.0,
            "avg_state_h": 0.47003424503090824,
            "avg_action_h": 0.32174935481043027,
            "avg_state_var": 0.2054071608045216,
            "avg_action_var": 0.1476427655257109
        }
    },
    "neuroticism": {
        "directive": {
            "success_count": 0,
            "fail_count": 1,
            "success_rate": 0.0,
            "avg_state_h": 0.4905026046623656,
            "avg_action_h": 0.338240106057121,
            "avg_state_var": 0.21128306300442443,
            "avg_action_var": 0.15895157341659688
        }
    },
    "openness": {
        "conceptual": {
            "success_count": 0,
            "fail_count": 1,
            "success_rate": 0.0,
            "avg_state_h": 0.47319004800728837,
            "avg_action_h": 0.39603001466654103,
            "avg_state_var": 0.21065646117329528,
            "avg_action_var": 0.19514599779859776
        }
    }
}