User,Turn,Max Sentence Entropy
persona_115,2,0.7448973826460392
persona_115,3,0.6745792814438472
persona_115,4,0.6564919232176806
