User,Turn,Max Sentence Entropy
persona_115,2,0.6774229609240696
persona_115,3,0.769509928461724
persona_115,4,0.6628199281974291
